"TIME","GEO","SEX","AGE","UNIT","Value","Flag and Footnotes"
"2006","Belgium","Total","Less than 1 year","Year","79.5",""
"2006","Belgium","Males","Less than 1 year","Year","76.6",""
"2006","Belgium","Females","Less than 1 year","Year","82.3",""
"2006","Bulgaria","Total","Less than 1 year","Year","72.7",""
"2006","Bulgaria","Males","Less than 1 year","Year","69.2",""
"2006","Bulgaria","Females","Less than 1 year","Year","76.3",""
"2006","Czech Republic","Total","Less than 1 year","Year","76.7",""
"2006","Czech Republic","Males","Less than 1 year","Year","73.5",""
"2006","Czech Republic","Females","Less than 1 year","Year","79.9",""
"2006","Denmark","Total","Less than 1 year","Year","78.4",""
"2006","Denmark","Males","Less than 1 year","Year","76.1",""
"2006","Denmark","Females","Less than 1 year","Year","80.7",""
"2006","Germany (until 1990 former territory of the FRG)","Total","Less than 1 year","Year","79.9",""
"2006","Germany (until 1990 former territory of the FRG)","Males","Less than 1 year","Year","77.2",""
"2006","Germany (until 1990 former territory of the FRG)","Females","Less than 1 year","Year","82.4",""
"2006","Estonia","Total","Less than 1 year","Year","73.2",""
"2006","Estonia","Males","Less than 1 year","Year","67.6",""
"2006","Estonia","Females","Less than 1 year","Year","78.6",""
"2006","Ireland","Total","Less than 1 year","Year","79.3",""
"2006","Ireland","Males","Less than 1 year","Year","76.9",""
"2006","Ireland","Females","Less than 1 year","Year","81.7",""
"2006","Greece","Total","Less than 1 year","Year","79.9",""
"2006","Greece","Males","Less than 1 year","Year","77.1",""
"2006","Greece","Females","Less than 1 year","Year","82.7",""
"2006","Spain","Total","Less than 1 year","Year","81.1",""
"2006","Spain","Males","Less than 1 year","Year","77.8",""
"2006","Spain","Females","Less than 1 year","Year","84.4",""
"2006","France","Total","Less than 1 year","Year","80.9",""
"2006","France","Males","Less than 1 year","Year","77.3",""
"2006","France","Females","Less than 1 year","Year","84.5",""
"2006","Croatia","Total","Less than 1 year","Year","75.9",""
"2006","Croatia","Males","Less than 1 year","Year","72.4",""
"2006","Croatia","Females","Less than 1 year","Year","79.3",""
"2006","Italy","Total","Less than 1 year","Year","81.4",""
"2006","Italy","Males","Less than 1 year","Year","78.6",""
"2006","Italy","Females","Less than 1 year","Year","84.1",""
"2006","Cyprus","Total","Less than 1 year","Year","80.1",""
"2006","Cyprus","Males","Less than 1 year","Year","78.1",""
"2006","Cyprus","Females","Less than 1 year","Year","82.0",""
"2006","Latvia","Total","Less than 1 year","Year","70.6",""
"2006","Latvia","Males","Less than 1 year","Year","65.0",""
"2006","Latvia","Females","Less than 1 year","Year","76.1",""
"2006","Lithuania","Total","Less than 1 year","Year","71.0",""
"2006","Lithuania","Males","Less than 1 year","Year","65.0",""
"2006","Lithuania","Females","Less than 1 year","Year","77.1",""
"2006","Luxembourg","Total","Less than 1 year","Year","79.4",""
"2006","Luxembourg","Males","Less than 1 year","Year","76.8",""
"2006","Luxembourg","Females","Less than 1 year","Year","81.9",""
"2006","Hungary","Total","Less than 1 year","Year","73.5",""
"2006","Hungary","Males","Less than 1 year","Year","69.2",""
"2006","Hungary","Females","Less than 1 year","Year","77.8",""
"2006","Malta","Total","Less than 1 year","Year","79.5",""
"2006","Malta","Males","Less than 1 year","Year","77.0",""
"2006","Malta","Females","Less than 1 year","Year","82.0",""
"2006","Netherlands","Total","Less than 1 year","Year","80.0",""
"2006","Netherlands","Males","Less than 1 year","Year","77.7",""
"2006","Netherlands","Females","Less than 1 year","Year","82.0",""
"2006","Austria","Total","Less than 1 year","Year","80.1",""
"2006","Austria","Males","Less than 1 year","Year","77.1",""
"2006","Austria","Females","Less than 1 year","Year","82.8",""
"2006","Poland","Total","Less than 1 year","Year","75.3",""
"2006","Poland","Males","Less than 1 year","Year","70.9",""
"2006","Poland","Females","Less than 1 year","Year","79.7",""
"2006","Portugal","Total","Less than 1 year","Year","79.0",""
"2006","Portugal","Males","Less than 1 year","Year","75.5",""
"2006","Portugal","Females","Less than 1 year","Year","82.5",""
"2006","Romania","Total","Less than 1 year","Year","72.5",""
"2006","Romania","Males","Less than 1 year","Year","69.0",""
"2006","Romania","Females","Less than 1 year","Year","76.1",""
"2006","Slovenia","Total","Less than 1 year","Year","78.3",""
"2006","Slovenia","Males","Less than 1 year","Year","74.5",""
"2006","Slovenia","Females","Less than 1 year","Year","82.0",""
"2006","Slovakia","Total","Less than 1 year","Year","74.5",""
"2006","Slovakia","Males","Less than 1 year","Year","70.4",""
"2006","Slovakia","Females","Less than 1 year","Year","78.4",""
"2006","Finland","Total","Less than 1 year","Year","79.5",""
"2006","Finland","Males","Less than 1 year","Year","75.9",""
"2006","Finland","Females","Less than 1 year","Year","83.1",""
"2006","Sweden","Total","Less than 1 year","Year","81.0",""
"2006","Sweden","Males","Less than 1 year","Year","78.8",""
"2006","Sweden","Females","Less than 1 year","Year","83.1",""
"2006","United Kingdom","Total","Less than 1 year","Year","79.5",""
"2006","United Kingdom","Males","Less than 1 year","Year","77.3",""
"2006","United Kingdom","Females","Less than 1 year","Year","81.6",""
"2006","Iceland","Total","Less than 1 year","Year","81.2",""
"2006","Iceland","Males","Less than 1 year","Year","79.5",""
"2006","Iceland","Females","Less than 1 year","Year","82.9",""
"2006","Liechtenstein","Total","Less than 1 year","Year","81.0",""
"2006","Liechtenstein","Males","Less than 1 year","Year","78.9",""
"2006","Liechtenstein","Females","Less than 1 year","Year","83.1",""
"2006","Norway","Total","Less than 1 year","Year","80.6",""
"2006","Norway","Males","Less than 1 year","Year","78.2",""
"2006","Norway","Females","Less than 1 year","Year","82.9",""
"2006","Switzerland","Total","Less than 1 year","Year","81.8",""
"2006","Switzerland","Males","Less than 1 year","Year","79.2",""
"2006","Switzerland","Females","Less than 1 year","Year","84.2",""
"2006","Montenegro","Total","Less than 1 year","Year","73.9",""
"2006","Montenegro","Males","Less than 1 year","Year","71.4",""
"2006","Montenegro","Females","Less than 1 year","Year","76.4",""
"2006","Albania","Total","Less than 1 year","Year",":",""
"2006","Albania","Males","Less than 1 year","Year",":",""
"2006","Albania","Females","Less than 1 year","Year",":",""
"2006","Serbia","Total","Less than 1 year","Year","73.4",""
"2006","Serbia","Males","Less than 1 year","Year","70.8",""
"2006","Serbia","Females","Less than 1 year","Year","76.1",""
"2006","Turkey","Total","Less than 1 year","Year",":",""
"2006","Turkey","Males","Less than 1 year","Year",":",""
"2006","Turkey","Females","Less than 1 year","Year",":",""
"2006","Andorra","Total","Less than 1 year","Year",":",""
"2006","Andorra","Males","Less than 1 year","Year",":",""
"2006","Andorra","Females","Less than 1 year","Year",":",""
"2006","Belarus","Total","Less than 1 year","Year",":",""
"2006","Belarus","Males","Less than 1 year","Year",":",""
"2006","Belarus","Females","Less than 1 year","Year",":",""
"2006","Russia","Total","Less than 1 year","Year","66.6",""
"2006","Russia","Males","Less than 1 year","Year","60.4",""
"2006","Russia","Females","Less than 1 year","Year","73.2",""
"2006","San Marino","Total","Less than 1 year","Year",":",""
"2006","San Marino","Males","Less than 1 year","Year",":",""
"2006","San Marino","Females","Less than 1 year","Year",":",""
"2006","Ukraine","Total","Less than 1 year","Year","67.9",""
"2006","Ukraine","Males","Less than 1 year","Year","62.3",""
"2006","Ukraine","Females","Less than 1 year","Year","73.8",""
"2007","Belgium","Total","Less than 1 year","Year","79.9",""
"2007","Belgium","Males","Less than 1 year","Year","77.1",""
"2007","Belgium","Females","Less than 1 year","Year","82.6",""
"2007","Bulgaria","Total","Less than 1 year","Year","73.0",""
"2007","Bulgaria","Males","Less than 1 year","Year","69.5",""
"2007","Bulgaria","Females","Less than 1 year","Year","76.6",""
"2007","Czech Republic","Total","Less than 1 year","Year","77.0",""
"2007","Czech Republic","Males","Less than 1 year","Year","73.8",""
"2007","Czech Republic","Females","Less than 1 year","Year","80.2",""
"2007","Denmark","Total","Less than 1 year","Year","78.4",""
"2007","Denmark","Males","Less than 1 year","Year","76.2",""
"2007","Denmark","Females","Less than 1 year","Year","80.6",""
"2007","Germany (until 1990 former territory of the FRG)","Total","Less than 1 year","Year","80.1",""
"2007","Germany (until 1990 former territory of the FRG)","Males","Less than 1 year","Year","77.4",""
"2007","Germany (until 1990 former territory of the FRG)","Females","Less than 1 year","Year","82.7",""
"2007","Estonia","Total","Less than 1 year","Year","73.2",""
"2007","Estonia","Males","Less than 1 year","Year","67.5",""
"2007","Estonia","Females","Less than 1 year","Year","78.9",""
"2007","Ireland","Total","Less than 1 year","Year","79.7",""
"2007","Ireland","Males","Less than 1 year","Year","77.3",""
"2007","Ireland","Females","Less than 1 year","Year","82.1",""
"2007","Greece","Total","Less than 1 year","Year","79.7",""
"2007","Greece","Males","Less than 1 year","Year","76.9",""
"2007","Greece","Females","Less than 1 year","Year","82.5",""
"2007","Spain","Total","Less than 1 year","Year","81.1",""
"2007","Spain","Males","Less than 1 year","Year","77.9",""
"2007","Spain","Females","Less than 1 year","Year","84.4",""
"2007","France","Total","Less than 1 year","Year","81.3",""
"2007","France","Males","Less than 1 year","Year","77.6",""
"2007","France","Females","Less than 1 year","Year","84.8",""
"2007","Croatia","Total","Less than 1 year","Year","75.8",""
"2007","Croatia","Males","Less than 1 year","Year","72.2",""
"2007","Croatia","Females","Less than 1 year","Year","79.2",""
"2007","Italy","Total","Less than 1 year","Year","81.6",""
"2007","Italy","Males","Less than 1 year","Year","78.8",""
"2007","Italy","Females","Less than 1 year","Year","84.2",""
"2007","Cyprus","Total","Less than 1 year","Year","79.8",""
"2007","Cyprus","Males","Less than 1 year","Year","77.6",""
"2007","Cyprus","Females","Less than 1 year","Year","82.1",""
"2007","Latvia","Total","Less than 1 year","Year","70.8",""
"2007","Latvia","Males","Less than 1 year","Year","65.3",""
"2007","Latvia","Females","Less than 1 year","Year","76.2",""
"2007","Lithuania","Total","Less than 1 year","Year","70.7",""
"2007","Lithuania","Males","Less than 1 year","Year","64.5",""
"2007","Lithuania","Females","Less than 1 year","Year","77.2",""
"2007","Luxembourg","Total","Less than 1 year","Year","79.5",""
"2007","Luxembourg","Males","Less than 1 year","Year","76.7",""
"2007","Luxembourg","Females","Less than 1 year","Year","82.2",""
"2007","Hungary","Total","Less than 1 year","Year","73.6",""
"2007","Hungary","Males","Less than 1 year","Year","69.4",""
"2007","Hungary","Females","Less than 1 year","Year","77.8",""
"2007","Malta","Total","Less than 1 year","Year","79.9",""
"2007","Malta","Males","Less than 1 year","Year","77.5",""
"2007","Malta","Females","Less than 1 year","Year","82.2",""
"2007","Netherlands","Total","Less than 1 year","Year","80.4",""
"2007","Netherlands","Males","Less than 1 year","Year","78.1",""
"2007","Netherlands","Females","Less than 1 year","Year","82.5",""
"2007","Austria","Total","Less than 1 year","Year","80.3",""
"2007","Austria","Males","Less than 1 year","Year","77.4",""
"2007","Austria","Females","Less than 1 year","Year","83.1",""
"2007","Poland","Total","Less than 1 year","Year","75.4",""
"2007","Poland","Males","Less than 1 year","Year","71.0",""
"2007","Poland","Females","Less than 1 year","Year","79.8",""
"2007","Portugal","Total","Less than 1 year","Year","79.3",""
"2007","Portugal","Males","Less than 1 year","Year","75.9",""
"2007","Portugal","Females","Less than 1 year","Year","82.5",""
"2007","Romania","Total","Less than 1 year","Year","73.1",""
"2007","Romania","Males","Less than 1 year","Year","69.5",""
"2007","Romania","Females","Less than 1 year","Year","76.8",""
"2007","Slovenia","Total","Less than 1 year","Year","78.4",""
"2007","Slovenia","Males","Less than 1 year","Year","74.6",""
"2007","Slovenia","Females","Less than 1 year","Year","82.0",""
"2007","Slovakia","Total","Less than 1 year","Year","74.6",""
"2007","Slovakia","Males","Less than 1 year","Year","70.6",""
"2007","Slovakia","Females","Less than 1 year","Year","78.4",""
"2007","Finland","Total","Less than 1 year","Year","79.6",""
"2007","Finland","Males","Less than 1 year","Year","76.0",""
"2007","Finland","Females","Less than 1 year","Year","83.1",""
"2007","Sweden","Total","Less than 1 year","Year","81.1",""
"2007","Sweden","Males","Less than 1 year","Year","79.0",""
"2007","Sweden","Females","Less than 1 year","Year","83.1",""
"2007","United Kingdom","Total","Less than 1 year","Year","79.7",""
"2007","United Kingdom","Males","Less than 1 year","Year","77.6",""
"2007","United Kingdom","Females","Less than 1 year","Year","81.8",""
"2007","Iceland","Total","Less than 1 year","Year","81.5",""
"2007","Iceland","Males","Less than 1 year","Year","79.6",""
"2007","Iceland","Females","Less than 1 year","Year","83.4",""
"2007","Liechtenstein","Total","Less than 1 year","Year","81.4",""
"2007","Liechtenstein","Males","Less than 1 year","Year","79.1",""
"2007","Liechtenstein","Females","Less than 1 year","Year","83.6",""
"2007","Norway","Total","Less than 1 year","Year","80.6",""
"2007","Norway","Males","Less than 1 year","Year","78.3",""
"2007","Norway","Females","Less than 1 year","Year","82.9",""
"2007","Switzerland","Total","Less than 1 year","Year","82.0",""
"2007","Switzerland","Males","Less than 1 year","Year","79.5",""
"2007","Switzerland","Females","Less than 1 year","Year","84.4",""
"2007","Montenegro","Total","Less than 1 year","Year","74.4",""
"2007","Montenegro","Males","Less than 1 year","Year","71.9",""
"2007","Montenegro","Females","Less than 1 year","Year","76.9",""
"2007","Albania","Total","Less than 1 year","Year",":",""
"2007","Albania","Males","Less than 1 year","Year",":",""
"2007","Albania","Females","Less than 1 year","Year",":",""
"2007","Serbia","Total","Less than 1 year","Year","73.7",""
"2007","Serbia","Males","Less than 1 year","Year","70.9",""
"2007","Serbia","Females","Less than 1 year","Year","76.5",""
"2007","Turkey","Total","Less than 1 year","Year",":",""
"2007","Turkey","Males","Less than 1 year","Year",":",""
"2007","Turkey","Females","Less than 1 year","Year",":",""
"2007","Andorra","Total","Less than 1 year","Year",":",""
"2007","Andorra","Males","Less than 1 year","Year",":",""
"2007","Andorra","Females","Less than 1 year","Year",":",""
"2007","Belarus","Total","Less than 1 year","Year",":",""
"2007","Belarus","Males","Less than 1 year","Year",":",""
"2007","Belarus","Females","Less than 1 year","Year",":",""
"2007","Russia","Total","Less than 1 year","Year","67.5",""
"2007","Russia","Males","Less than 1 year","Year","61.4",""
"2007","Russia","Females","Less than 1 year","Year","73.9",""
"2007","San Marino","Total","Less than 1 year","Year",":",""
"2007","San Marino","Males","Less than 1 year","Year",":",""
"2007","San Marino","Females","Less than 1 year","Year",":",""
"2007","Ukraine","Total","Less than 1 year","Year","67.6",""
"2007","Ukraine","Males","Less than 1 year","Year","61.8",""
"2007","Ukraine","Females","Less than 1 year","Year","73.7",""
"2008","Belgium","Total","Less than 1 year","Year","79.8",""
"2008","Belgium","Males","Less than 1 year","Year","76.9",""
"2008","Belgium","Females","Less than 1 year","Year","82.6",""
"2008","Bulgaria","Total","Less than 1 year","Year","73.3",""
"2008","Bulgaria","Males","Less than 1 year","Year","69.8",""
"2008","Bulgaria","Females","Less than 1 year","Year","77.0",""
"2008","Czech Republic","Total","Less than 1 year","Year","77.3",""
"2008","Czech Republic","Males","Less than 1 year","Year","74.1",""
"2008","Czech Republic","Females","Less than 1 year","Year","80.5",""
"2008","Denmark","Total","Less than 1 year","Year","78.8",""
"2008","Denmark","Males","Less than 1 year","Year","76.5",""
"2008","Denmark","Females","Less than 1 year","Year","81.0",""
"2008","Germany (until 1990 former territory of the FRG)","Total","Less than 1 year","Year","80.2",""
"2008","Germany (until 1990 former territory of the FRG)","Males","Less than 1 year","Year","77.6",""
"2008","Germany (until 1990 former territory of the FRG)","Females","Less than 1 year","Year","82.7",""
"2008","Estonia","Total","Less than 1 year","Year","74.4",""
"2008","Estonia","Males","Less than 1 year","Year","68.9",""
"2008","Estonia","Females","Less than 1 year","Year","79.5",""
"2008","Ireland","Total","Less than 1 year","Year","80.2",""
"2008","Ireland","Males","Less than 1 year","Year","77.9",""
"2008","Ireland","Females","Less than 1 year","Year","82.4",""
"2008","Greece","Total","Less than 1 year","Year","80.2",""
"2008","Greece","Males","Less than 1 year","Year","77.5",""
"2008","Greece","Females","Less than 1 year","Year","83.0",""
"2008","Spain","Total","Less than 1 year","Year","81.5",""
"2008","Spain","Males","Less than 1 year","Year","78.3",""
"2008","Spain","Females","Less than 1 year","Year","84.6",""
"2008","France","Total","Less than 1 year","Year","81.4",""
"2008","France","Males","Less than 1 year","Year","77.8",""
"2008","France","Females","Less than 1 year","Year","84.8",""
"2008","Croatia","Total","Less than 1 year","Year","76.0",""
"2008","Croatia","Males","Less than 1 year","Year","72.3",""
"2008","Croatia","Females","Less than 1 year","Year","79.7",""
"2008","Italy","Total","Less than 1 year","Year","81.7",""
"2008","Italy","Males","Less than 1 year","Year","78.9",""
"2008","Italy","Females","Less than 1 year","Year","84.2",""
"2008","Cyprus","Total","Less than 1 year","Year","80.6",""
"2008","Cyprus","Males","Less than 1 year","Year","78.2",""
"2008","Cyprus","Females","Less than 1 year","Year","82.9",""
"2008","Latvia","Total","Less than 1 year","Year","72.1",""
"2008","Latvia","Males","Less than 1 year","Year","66.5",""
"2008","Latvia","Females","Less than 1 year","Year","77.5",""
"2008","Lithuania","Total","Less than 1 year","Year","71.7",""
"2008","Lithuania","Males","Less than 1 year","Year","65.9",""
"2008","Lithuania","Females","Less than 1 year","Year","77.6",""
"2008","Luxembourg","Total","Less than 1 year","Year","80.7",""
"2008","Luxembourg","Males","Less than 1 year","Year","78.1",""
"2008","Luxembourg","Females","Less than 1 year","Year","83.1",""
"2008","Hungary","Total","Less than 1 year","Year","74.2",""
"2008","Hungary","Males","Less than 1 year","Year","70.0",""
"2008","Hungary","Females","Less than 1 year","Year","78.3",""
"2008","Malta","Total","Less than 1 year","Year","79.7",""
"2008","Malta","Males","Less than 1 year","Year","77.1",""
"2008","Malta","Females","Less than 1 year","Year","82.3",""
"2008","Netherlands","Total","Less than 1 year","Year","80.5",""
"2008","Netherlands","Males","Less than 1 year","Year","78.4",""
"2008","Netherlands","Females","Less than 1 year","Year","82.5",""
"2008","Austria","Total","Less than 1 year","Year","80.6",""
"2008","Austria","Males","Less than 1 year","Year","77.7",""
"2008","Austria","Females","Less than 1 year","Year","83.3",""
"2008","Poland","Total","Less than 1 year","Year","75.6",""
"2008","Poland","Males","Less than 1 year","Year","71.3",""
"2008","Poland","Females","Less than 1 year","Year","80.0",""
"2008","Portugal","Total","Less than 1 year","Year","79.5",""
"2008","Portugal","Males","Less than 1 year","Year","76.2",""
"2008","Portugal","Females","Less than 1 year","Year","82.7",""
"2008","Romania","Total","Less than 1 year","Year","73.5",""
"2008","Romania","Males","Less than 1 year","Year","69.7",""
"2008","Romania","Females","Less than 1 year","Year","77.5",""
"2008","Slovenia","Total","Less than 1 year","Year","79.1","b"
"2008","Slovenia","Males","Less than 1 year","Year","75.5","b"
"2008","Slovenia","Females","Less than 1 year","Year","82.6","b"
"2008","Slovakia","Total","Less than 1 year","Year","74.9",""
"2008","Slovakia","Males","Less than 1 year","Year","70.9",""
"2008","Slovakia","Females","Less than 1 year","Year","79.0",""
"2008","Finland","Total","Less than 1 year","Year","79.9",""
"2008","Finland","Males","Less than 1 year","Year","76.5",""
"2008","Finland","Females","Less than 1 year","Year","83.3",""
"2008","Sweden","Total","Less than 1 year","Year","81.3",""
"2008","Sweden","Males","Less than 1 year","Year","79.2",""
"2008","Sweden","Females","Less than 1 year","Year","83.3",""
"2008","United Kingdom","Total","Less than 1 year","Year","79.8",""
"2008","United Kingdom","Males","Less than 1 year","Year","77.7",""
"2008","United Kingdom","Females","Less than 1 year","Year","81.8",""
"2008","Iceland","Total","Less than 1 year","Year","81.6",""
"2008","Iceland","Males","Less than 1 year","Year","80.0",""
"2008","Iceland","Females","Less than 1 year","Year","83.3",""
"2008","Liechtenstein","Total","Less than 1 year","Year","82.9",""
"2008","Liechtenstein","Males","Less than 1 year","Year","80.0",""
"2008","Liechtenstein","Females","Less than 1 year","Year","85.5",""
"2008","Norway","Total","Less than 1 year","Year","80.8",""
"2008","Norway","Males","Less than 1 year","Year","78.4",""
"2008","Norway","Females","Less than 1 year","Year","83.2",""
"2008","Switzerland","Total","Less than 1 year","Year","82.3",""
"2008","Switzerland","Males","Less than 1 year","Year","79.8",""
"2008","Switzerland","Females","Less than 1 year","Year","84.6",""
"2008","Montenegro","Total","Less than 1 year","Year","75.2",""
"2008","Montenegro","Males","Less than 1 year","Year","72.6",""
"2008","Montenegro","Females","Less than 1 year","Year","77.8",""
"2008","Albania","Total","Less than 1 year","Year",":",""
"2008","Albania","Males","Less than 1 year","Year",":",""
"2008","Albania","Females","Less than 1 year","Year",":",""
"2008","Serbia","Total","Less than 1 year","Year","73.9",""
"2008","Serbia","Males","Less than 1 year","Year","71.3",""
"2008","Serbia","Females","Less than 1 year","Year","76.6",""
"2008","Turkey","Total","Less than 1 year","Year",":",""
"2008","Turkey","Males","Less than 1 year","Year",":",""
"2008","Turkey","Females","Less than 1 year","Year",":",""
"2008","Andorra","Total","Less than 1 year","Year",":",""
"2008","Andorra","Males","Less than 1 year","Year",":",""
"2008","Andorra","Females","Less than 1 year","Year",":",""
"2008","Belarus","Total","Less than 1 year","Year",":",""
"2008","Belarus","Males","Less than 1 year","Year",":",""
"2008","Belarus","Females","Less than 1 year","Year",":",""
"2008","Russia","Total","Less than 1 year","Year","67.9",""
"2008","Russia","Males","Less than 1 year","Year","61.8",""
"2008","Russia","Females","Less than 1 year","Year","74.2",""
"2008","San Marino","Total","Less than 1 year","Year",":",""
"2008","San Marino","Males","Less than 1 year","Year",":",""
"2008","San Marino","Females","Less than 1 year","Year",":",""
"2008","Ukraine","Total","Less than 1 year","Year","68.0",""
"2008","Ukraine","Males","Less than 1 year","Year","62.3",""
"2008","Ukraine","Females","Less than 1 year","Year","73.9",""
"2009","Belgium","Total","Less than 1 year","Year","80.2",""
"2009","Belgium","Males","Less than 1 year","Year","77.4",""
"2009","Belgium","Females","Less than 1 year","Year","82.8",""
"2009","Bulgaria","Total","Less than 1 year","Year","73.7",""
"2009","Bulgaria","Males","Less than 1 year","Year","70.2",""
"2009","Bulgaria","Females","Less than 1 year","Year","77.4",""
"2009","Czech Republic","Total","Less than 1 year","Year","77.4",""
"2009","Czech Republic","Males","Less than 1 year","Year","74.3",""
"2009","Czech Republic","Females","Less than 1 year","Year","80.5",""
"2009","Denmark","Total","Less than 1 year","Year","79.0",""
"2009","Denmark","Males","Less than 1 year","Year","76.9",""
"2009","Denmark","Females","Less than 1 year","Year","81.1",""
"2009","Germany (until 1990 former territory of the FRG)","Total","Less than 1 year","Year","80.3",""
"2009","Germany (until 1990 former territory of the FRG)","Males","Less than 1 year","Year","77.8",""
"2009","Germany (until 1990 former territory of the FRG)","Females","Less than 1 year","Year","82.8",""
"2009","Estonia","Total","Less than 1 year","Year","75.3",""
"2009","Estonia","Males","Less than 1 year","Year","70.0",""
"2009","Estonia","Females","Less than 1 year","Year","80.3",""
"2009","Ireland","Total","Less than 1 year","Year","80.2",""
"2009","Ireland","Males","Less than 1 year","Year","77.8",""
"2009","Ireland","Females","Less than 1 year","Year","82.7",""
"2009","Greece","Total","Less than 1 year","Year","80.4",""
"2009","Greece","Males","Less than 1 year","Year","77.5",""
"2009","Greece","Females","Less than 1 year","Year","83.3",""
"2009","Spain","Total","Less than 1 year","Year","81.9",""
"2009","Spain","Males","Less than 1 year","Year","78.8",""
"2009","Spain","Females","Less than 1 year","Year","85.0",""
"2009","France","Total","Less than 1 year","Year","81.5",""
"2009","France","Males","Less than 1 year","Year","78.0",""
"2009","France","Females","Less than 1 year","Year","85.0",""
"2009","Croatia","Total","Less than 1 year","Year","76.3",""
"2009","Croatia","Males","Less than 1 year","Year","72.8",""
"2009","Croatia","Females","Less than 1 year","Year","79.7",""
"2009","Italy","Total","Less than 1 year","Year","81.8",""
"2009","Italy","Males","Less than 1 year","Year","79.1",""
"2009","Italy","Females","Less than 1 year","Year","84.3",""
"2009","Cyprus","Total","Less than 1 year","Year","81.0",""
"2009","Cyprus","Males","Less than 1 year","Year","78.5",""
"2009","Cyprus","Females","Less than 1 year","Year","83.5",""
"2009","Latvia","Total","Less than 1 year","Year","72.8",""
"2009","Latvia","Males","Less than 1 year","Year","67.5",""
"2009","Latvia","Females","Less than 1 year","Year","77.7",""
"2009","Lithuania","Total","Less than 1 year","Year","72.9",""
"2009","Lithuania","Males","Less than 1 year","Year","67.1",""
"2009","Lithuania","Females","Less than 1 year","Year","78.7",""
"2009","Luxembourg","Total","Less than 1 year","Year","80.8",""
"2009","Luxembourg","Males","Less than 1 year","Year","78.1",""
"2009","Luxembourg","Females","Less than 1 year","Year","83.3",""
"2009","Hungary","Total","Less than 1 year","Year","74.4",""
"2009","Hungary","Males","Less than 1 year","Year","70.3",""
"2009","Hungary","Females","Less than 1 year","Year","78.4",""
"2009","Malta","Total","Less than 1 year","Year","80.4",""
"2009","Malta","Males","Less than 1 year","Year","77.9",""
"2009","Malta","Females","Less than 1 year","Year","82.7",""
"2009","Netherlands","Total","Less than 1 year","Year","80.9",""
"2009","Netherlands","Males","Less than 1 year","Year","78.7",""
"2009","Netherlands","Females","Less than 1 year","Year","82.9",""
"2009","Austria","Total","Less than 1 year","Year","80.5",""
"2009","Austria","Males","Less than 1 year","Year","77.6",""
"2009","Austria","Females","Less than 1 year","Year","83.2",""
"2009","Poland","Total","Less than 1 year","Year","75.9",""
"2009","Poland","Males","Less than 1 year","Year","71.5",""
"2009","Poland","Females","Less than 1 year","Year","80.1",""
"2009","Portugal","Total","Less than 1 year","Year","79.7",""
"2009","Portugal","Males","Less than 1 year","Year","76.5",""
"2009","Portugal","Females","Less than 1 year","Year","82.8",""
"2009","Romania","Total","Less than 1 year","Year","73.7",""
"2009","Romania","Males","Less than 1 year","Year","69.8",""
"2009","Romania","Females","Less than 1 year","Year","77.7",""
"2009","Slovenia","Total","Less than 1 year","Year","79.4",""
"2009","Slovenia","Males","Less than 1 year","Year","75.9",""
"2009","Slovenia","Females","Less than 1 year","Year","82.7",""
"2009","Slovakia","Total","Less than 1 year","Year","75.3",""
"2009","Slovakia","Males","Less than 1 year","Year","71.4",""
"2009","Slovakia","Females","Less than 1 year","Year","79.1",""
"2009","Finland","Total","Less than 1 year","Year","80.1",""
"2009","Finland","Males","Less than 1 year","Year","76.6",""
"2009","Finland","Females","Less than 1 year","Year","83.5",""
"2009","Sweden","Total","Less than 1 year","Year","81.5",""
"2009","Sweden","Males","Less than 1 year","Year","79.4",""
"2009","Sweden","Females","Less than 1 year","Year","83.5",""
"2009","United Kingdom","Total","Less than 1 year","Year","80.4",""
"2009","United Kingdom","Males","Less than 1 year","Year","78.3",""
"2009","United Kingdom","Females","Less than 1 year","Year","82.4",""
"2009","Iceland","Total","Less than 1 year","Year","81.8",""
"2009","Iceland","Males","Less than 1 year","Year","79.8",""
"2009","Iceland","Females","Less than 1 year","Year","83.8",""
"2009","Liechtenstein","Total","Less than 1 year","Year","81.7",""
"2009","Liechtenstein","Males","Less than 1 year","Year","79.5",""
"2009","Liechtenstein","Females","Less than 1 year","Year","83.6",""
"2009","Norway","Total","Less than 1 year","Year","81.0",""
"2009","Norway","Males","Less than 1 year","Year","78.7",""
"2009","Norway","Females","Less than 1 year","Year","83.2",""
"2009","Switzerland","Total","Less than 1 year","Year","82.3",""
"2009","Switzerland","Males","Less than 1 year","Year","79.9",""
"2009","Switzerland","Females","Less than 1 year","Year","84.6",""
"2009","Montenegro","Total","Less than 1 year","Year","75.2",""
"2009","Montenegro","Males","Less than 1 year","Year","72.9",""
"2009","Montenegro","Females","Less than 1 year","Year","77.5",""
"2009","Albania","Total","Less than 1 year","Year",":",""
"2009","Albania","Males","Less than 1 year","Year",":",""
"2009","Albania","Females","Less than 1 year","Year",":",""
"2009","Serbia","Total","Less than 1 year","Year","74.0",""
"2009","Serbia","Males","Less than 1 year","Year","71.4",""
"2009","Serbia","Females","Less than 1 year","Year","76.7",""
"2009","Turkey","Total","Less than 1 year","Year","76.0",""
"2009","Turkey","Males","Less than 1 year","Year","73.3",""
"2009","Turkey","Females","Less than 1 year","Year","78.8",""
"2009","Andorra","Total","Less than 1 year","Year",":",""
"2009","Andorra","Males","Less than 1 year","Year",":",""
"2009","Andorra","Females","Less than 1 year","Year",":",""
"2009","Belarus","Total","Less than 1 year","Year",":",""
"2009","Belarus","Males","Less than 1 year","Year",":",""
"2009","Belarus","Females","Less than 1 year","Year",":",""
"2009","Russia","Total","Less than 1 year","Year","68.7",""
"2009","Russia","Males","Less than 1 year","Year","62.8",""
"2009","Russia","Females","Less than 1 year","Year","74.7",""
"2009","San Marino","Total","Less than 1 year","Year",":",""
"2009","San Marino","Males","Less than 1 year","Year",":",""
"2009","San Marino","Females","Less than 1 year","Year",":",""
"2009","Ukraine","Total","Less than 1 year","Year",":",""
"2009","Ukraine","Males","Less than 1 year","Year",":",""
"2009","Ukraine","Females","Less than 1 year","Year",":",""
"2010","Belgium","Total","Less than 1 year","Year","80.3",""
"2010","Belgium","Males","Less than 1 year","Year","77.5",""
"2010","Belgium","Females","Less than 1 year","Year","83.0",""
"2010","Bulgaria","Total","Less than 1 year","Year","73.8",""
"2010","Bulgaria","Males","Less than 1 year","Year","70.3",""
"2010","Bulgaria","Females","Less than 1 year","Year","77.4",""
"2010","Czech Republic","Total","Less than 1 year","Year","77.7",""
"2010","Czech Republic","Males","Less than 1 year","Year","74.5",""
"2010","Czech Republic","Females","Less than 1 year","Year","80.9",""
"2010","Denmark","Total","Less than 1 year","Year","79.3",""
"2010","Denmark","Males","Less than 1 year","Year","77.2",""
"2010","Denmark","Females","Less than 1 year","Year","81.4",""
"2010","Germany (until 1990 former territory of the FRG)","Total","Less than 1 year","Year","80.5",""
"2010","Germany (until 1990 former territory of the FRG)","Males","Less than 1 year","Year","78.0",""
"2010","Germany (until 1990 former territory of the FRG)","Females","Less than 1 year","Year","83.0",""
"2010","Estonia","Total","Less than 1 year","Year","76.0",""
"2010","Estonia","Males","Less than 1 year","Year","70.9",""
"2010","Estonia","Females","Less than 1 year","Year","80.8",""
"2010","Ireland","Total","Less than 1 year","Year","80.8",""
"2010","Ireland","Males","Less than 1 year","Year","78.5",""
"2010","Ireland","Females","Less than 1 year","Year","83.1",""
"2010","Greece","Total","Less than 1 year","Year","80.6",""
"2010","Greece","Males","Less than 1 year","Year","78.0",""
"2010","Greece","Females","Less than 1 year","Year","83.3",""
"2010","Spain","Total","Less than 1 year","Year","82.4",""
"2010","Spain","Males","Less than 1 year","Year","79.2",""
"2010","Spain","Females","Less than 1 year","Year","85.5",""
"2010","France","Total","Less than 1 year","Year","81.8",""
"2010","France","Males","Less than 1 year","Year","78.2",""
"2010","France","Females","Less than 1 year","Year","85.3",""
"2010","Croatia","Total","Less than 1 year","Year","76.7",""
"2010","Croatia","Males","Less than 1 year","Year","73.4",""
"2010","Croatia","Females","Less than 1 year","Year","79.9",""
"2010","Italy","Total","Less than 1 year","Year","82.2",""
"2010","Italy","Males","Less than 1 year","Year","79.5",""
"2010","Italy","Females","Less than 1 year","Year","84.7",""
"2010","Cyprus","Total","Less than 1 year","Year","81.5",""
"2010","Cyprus","Males","Less than 1 year","Year","79.2",""
"2010","Cyprus","Females","Less than 1 year","Year","83.9",""
"2010","Latvia","Total","Less than 1 year","Year","73.1",""
"2010","Latvia","Males","Less than 1 year","Year","67.9",""
"2010","Latvia","Females","Less than 1 year","Year","78.0",""
"2010","Lithuania","Total","Less than 1 year","Year","73.3",""
"2010","Lithuania","Males","Less than 1 year","Year","67.6",""
"2010","Lithuania","Females","Less than 1 year","Year","78.9",""
"2010","Luxembourg","Total","Less than 1 year","Year","80.8",""
"2010","Luxembourg","Males","Less than 1 year","Year","77.9",""
"2010","Luxembourg","Females","Less than 1 year","Year","83.5",""
"2010","Hungary","Total","Less than 1 year","Year","74.7",""
"2010","Hungary","Males","Less than 1 year","Year","70.7",""
"2010","Hungary","Females","Less than 1 year","Year","78.6",""
"2010","Malta","Total","Less than 1 year","Year","81.5",""
"2010","Malta","Males","Less than 1 year","Year","79.3",""
"2010","Malta","Females","Less than 1 year","Year","83.6",""
"2010","Netherlands","Total","Less than 1 year","Year","81.0",""
"2010","Netherlands","Males","Less than 1 year","Year","78.9",""
"2010","Netherlands","Females","Less than 1 year","Year","83.0",""
"2010","Austria","Total","Less than 1 year","Year","80.7",""
"2010","Austria","Males","Less than 1 year","Year","77.8",""
"2010","Austria","Females","Less than 1 year","Year","83.5",""
"2010","Poland","Total","Less than 1 year","Year","76.4","b"
"2010","Poland","Males","Less than 1 year","Year","72.2","b"
"2010","Poland","Females","Less than 1 year","Year","80.7","b"
"2010","Portugal","Total","Less than 1 year","Year","80.1",""
"2010","Portugal","Males","Less than 1 year","Year","76.8",""
"2010","Portugal","Females","Less than 1 year","Year","83.2",""
"2010","Romania","Total","Less than 1 year","Year","73.7",""
"2010","Romania","Males","Less than 1 year","Year","70.0",""
"2010","Romania","Females","Less than 1 year","Year","77.7",""
"2010","Slovenia","Total","Less than 1 year","Year","79.8",""
"2010","Slovenia","Males","Less than 1 year","Year","76.4",""
"2010","Slovenia","Females","Less than 1 year","Year","83.1",""
"2010","Slovakia","Total","Less than 1 year","Year","75.6",""
"2010","Slovakia","Males","Less than 1 year","Year","71.8",""
"2010","Slovakia","Females","Less than 1 year","Year","79.3",""
"2010","Finland","Total","Less than 1 year","Year","80.2",""
"2010","Finland","Males","Less than 1 year","Year","76.9",""
"2010","Finland","Females","Less than 1 year","Year","83.5",""
"2010","Sweden","Total","Less than 1 year","Year","81.6",""
"2010","Sweden","Males","Less than 1 year","Year","79.6",""
"2010","Sweden","Females","Less than 1 year","Year","83.6",""
"2010","United Kingdom","Total","Less than 1 year","Year","80.6",""
"2010","United Kingdom","Males","Less than 1 year","Year","78.6",""
"2010","United Kingdom","Females","Less than 1 year","Year","82.6",""
"2010","Iceland","Total","Less than 1 year","Year","81.9",""
"2010","Iceland","Males","Less than 1 year","Year","79.8",""
"2010","Iceland","Females","Less than 1 year","Year","84.1",""
"2010","Liechtenstein","Total","Less than 1 year","Year","81.8",""
"2010","Liechtenstein","Males","Less than 1 year","Year","79.5",""
"2010","Liechtenstein","Females","Less than 1 year","Year","84.3",""
"2010","Norway","Total","Less than 1 year","Year","81.2",""
"2010","Norway","Males","Less than 1 year","Year","79.0",""
"2010","Norway","Females","Less than 1 year","Year","83.3",""
"2010","Switzerland","Total","Less than 1 year","Year","82.7",""
"2010","Switzerland","Males","Less than 1 year","Year","80.3",""
"2010","Switzerland","Females","Less than 1 year","Year","84.9",""
"2010","Montenegro","Total","Less than 1 year","Year","76.1",""
"2010","Montenegro","Males","Less than 1 year","Year","73.6",""
"2010","Montenegro","Females","Less than 1 year","Year","78.5",""
"2010","Albania","Total","Less than 1 year","Year",":",""
"2010","Albania","Males","Less than 1 year","Year",":",""
"2010","Albania","Females","Less than 1 year","Year",":",""
"2010","Serbia","Total","Less than 1 year","Year","74.4",""
"2010","Serbia","Males","Less than 1 year","Year","71.8",""
"2010","Serbia","Females","Less than 1 year","Year","77.0",""
"2010","Turkey","Total","Less than 1 year","Year","76.8",""
"2010","Turkey","Males","Less than 1 year","Year","74.2",""
"2010","Turkey","Females","Less than 1 year","Year","79.4",""
"2010","Andorra","Total","Less than 1 year","Year",":",""
"2010","Andorra","Males","Less than 1 year","Year",":",""
"2010","Andorra","Females","Less than 1 year","Year",":",""
"2010","Belarus","Total","Less than 1 year","Year",":",""
"2010","Belarus","Males","Less than 1 year","Year",":",""
"2010","Belarus","Females","Less than 1 year","Year",":",""
"2010","Russia","Total","Less than 1 year","Year","68.9",""
"2010","Russia","Males","Less than 1 year","Year","63.0",""
"2010","Russia","Females","Less than 1 year","Year","74.9",""
"2010","San Marino","Total","Less than 1 year","Year",":",""
"2010","San Marino","Males","Less than 1 year","Year",":",""
"2010","San Marino","Females","Less than 1 year","Year",":",""
"2010","Ukraine","Total","Less than 1 year","Year","70.3",""
"2010","Ukraine","Males","Less than 1 year","Year","65.2",""
"2010","Ukraine","Females","Less than 1 year","Year","75.3",""
"2011","Belgium","Total","Less than 1 year","Year","80.7","b"
"2011","Belgium","Males","Less than 1 year","Year","78.0","b"
"2011","Belgium","Females","Less than 1 year","Year","83.3","b"
"2011","Bulgaria","Total","Less than 1 year","Year","74.2",""
"2011","Bulgaria","Males","Less than 1 year","Year","70.7",""
"2011","Bulgaria","Females","Less than 1 year","Year","77.8",""
"2011","Czech Republic","Total","Less than 1 year","Year","78.0",""
"2011","Czech Republic","Males","Less than 1 year","Year","74.8",""
"2011","Czech Republic","Females","Less than 1 year","Year","81.1",""
"2011","Denmark","Total","Less than 1 year","Year","79.9",""
"2011","Denmark","Males","Less than 1 year","Year","77.8",""
"2011","Denmark","Females","Less than 1 year","Year","81.9",""
"2011","Germany (until 1990 former territory of the FRG)","Total","Less than 1 year","Year","80.6","b"
"2011","Germany (until 1990 former territory of the FRG)","Males","Less than 1 year","Year","77.9","b"
"2011","Germany (until 1990 former territory of the FRG)","Females","Less than 1 year","Year","83.1","b"
"2011","Estonia","Total","Less than 1 year","Year","76.6",""
"2011","Estonia","Males","Less than 1 year","Year","71.4",""
"2011","Estonia","Females","Less than 1 year","Year","81.3",""
"2011","Ireland","Total","Less than 1 year","Year","80.9",""
"2011","Ireland","Males","Less than 1 year","Year","78.6",""
"2011","Ireland","Females","Less than 1 year","Year","83.0",""
"2011","Greece","Total","Less than 1 year","Year","80.8",""
"2011","Greece","Males","Less than 1 year","Year","78.0",""
"2011","Greece","Females","Less than 1 year","Year","83.6",""
"2011","Spain","Total","Less than 1 year","Year","82.6",""
"2011","Spain","Males","Less than 1 year","Year","79.5",""
"2011","Spain","Females","Less than 1 year","Year","85.6",""
"2011","France","Total","Less than 1 year","Year","82.3",""
"2011","France","Males","Less than 1 year","Year","78.7",""
"2011","France","Females","Less than 1 year","Year","85.7",""
"2011","Croatia","Total","Less than 1 year","Year","77.2",""
"2011","Croatia","Males","Less than 1 year","Year","73.8",""
"2011","Croatia","Females","Less than 1 year","Year","80.4",""
"2011","Italy","Total","Less than 1 year","Year","82.4",""
"2011","Italy","Males","Less than 1 year","Year","79.7",""
"2011","Italy","Females","Less than 1 year","Year","84.8",""
"2011","Cyprus","Total","Less than 1 year","Year","81.2",""
"2011","Cyprus","Males","Less than 1 year","Year","79.3",""
"2011","Cyprus","Females","Less than 1 year","Year","83.1",""
"2011","Latvia","Total","Less than 1 year","Year","73.9",""
"2011","Latvia","Males","Less than 1 year","Year","68.6",""
"2011","Latvia","Females","Less than 1 year","Year","78.8",""
"2011","Lithuania","Total","Less than 1 year","Year","73.7",""
"2011","Lithuania","Males","Less than 1 year","Year","68.1",""
"2011","Lithuania","Females","Less than 1 year","Year","79.3",""
"2011","Luxembourg","Total","Less than 1 year","Year","81.1",""
"2011","Luxembourg","Males","Less than 1 year","Year","78.5",""
"2011","Luxembourg","Females","Less than 1 year","Year","83.6",""
"2011","Hungary","Total","Less than 1 year","Year","75.1",""
"2011","Hungary","Males","Less than 1 year","Year","71.2",""
"2011","Hungary","Females","Less than 1 year","Year","78.7",""
"2011","Malta","Total","Less than 1 year","Year","80.9",""
"2011","Malta","Males","Less than 1 year","Year","78.6",""
"2011","Malta","Females","Less than 1 year","Year","83.0",""
"2011","Netherlands","Total","Less than 1 year","Year","81.3",""
"2011","Netherlands","Males","Less than 1 year","Year","79.4",""
"2011","Netherlands","Females","Less than 1 year","Year","83.1",""
"2011","Austria","Total","Less than 1 year","Year","81.1",""
"2011","Austria","Males","Less than 1 year","Year","78.3",""
"2011","Austria","Females","Less than 1 year","Year","83.8",""
"2011","Poland","Total","Less than 1 year","Year","76.8",""
"2011","Poland","Males","Less than 1 year","Year","72.5",""
"2011","Poland","Females","Less than 1 year","Year","81.1",""
"2011","Portugal","Total","Less than 1 year","Year","80.7",""
"2011","Portugal","Males","Less than 1 year","Year","77.3",""
"2011","Portugal","Females","Less than 1 year","Year","83.8",""
"2011","Romania","Total","Less than 1 year","Year","74.4",""
"2011","Romania","Males","Less than 1 year","Year","70.8",""
"2011","Romania","Females","Less than 1 year","Year","78.2",""
"2011","Slovenia","Total","Less than 1 year","Year","80.1",""
"2011","Slovenia","Males","Less than 1 year","Year","76.8",""
"2011","Slovenia","Females","Less than 1 year","Year","83.3",""
"2011","Slovakia","Total","Less than 1 year","Year","76.1",""
"2011","Slovakia","Males","Less than 1 year","Year","72.3",""
"2011","Slovakia","Females","Less than 1 year","Year","79.8",""
"2011","Finland","Total","Less than 1 year","Year","80.6",""
"2011","Finland","Males","Less than 1 year","Year","77.3",""
"2011","Finland","Females","Less than 1 year","Year","83.8",""
"2011","Sweden","Total","Less than 1 year","Year","81.9",""
"2011","Sweden","Males","Less than 1 year","Year","79.9",""
"2011","Sweden","Females","Less than 1 year","Year","83.8",""
"2011","United Kingdom","Total","Less than 1 year","Year","81.0",""
"2011","United Kingdom","Males","Less than 1 year","Year","79.0",""
"2011","United Kingdom","Females","Less than 1 year","Year","83.0",""
"2011","Iceland","Total","Less than 1 year","Year","82.4",""
"2011","Iceland","Males","Less than 1 year","Year","80.7",""
"2011","Iceland","Females","Less than 1 year","Year","84.1",""
"2011","Liechtenstein","Total","Less than 1 year","Year","81.9",""
"2011","Liechtenstein","Males","Less than 1 year","Year","79.5",""
"2011","Liechtenstein","Females","Less than 1 year","Year","84.2",""
"2011","Norway","Total","Less than 1 year","Year","81.4",""
"2011","Norway","Males","Less than 1 year","Year","79.1",""
"2011","Norway","Females","Less than 1 year","Year","83.6",""
"2011","Switzerland","Total","Less than 1 year","Year","82.8","b"
"2011","Switzerland","Males","Less than 1 year","Year","80.5","b"
"2011","Switzerland","Females","Less than 1 year","Year","85.0","b"
"2011","Montenegro","Total","Less than 1 year","Year","76.1",""
"2011","Montenegro","Males","Less than 1 year","Year","73.3",""
"2011","Montenegro","Females","Less than 1 year","Year","78.8",""
"2011","Albania","Total","Less than 1 year","Year",":",""
"2011","Albania","Males","Less than 1 year","Year",":",""
"2011","Albania","Females","Less than 1 year","Year",":",""
"2011","Serbia","Total","Less than 1 year","Year","74.6","b"
"2011","Serbia","Males","Less than 1 year","Year","72.0","b"
"2011","Serbia","Females","Less than 1 year","Year","77.2","b"
"2011","Turkey","Total","Less than 1 year","Year","77.1",""
"2011","Turkey","Males","Less than 1 year","Year","74.4",""
"2011","Turkey","Females","Less than 1 year","Year","79.8",""
"2011","Andorra","Total","Less than 1 year","Year","92.8",""
"2011","Andorra","Males","Less than 1 year","Year","91.8",""
"2011","Andorra","Females","Less than 1 year","Year","94.5",""
"2011","Belarus","Total","Less than 1 year","Year","70.7",""
"2011","Belarus","Males","Less than 1 year","Year","64.7",""
"2011","Belarus","Females","Less than 1 year","Year","76.9",""
"2011","Russia","Total","Less than 1 year","Year",":",""
"2011","Russia","Males","Less than 1 year","Year",":",""
"2011","Russia","Females","Less than 1 year","Year",":",""
"2011","San Marino","Total","Less than 1 year","Year",":",""
"2011","San Marino","Males","Less than 1 year","Year",":",""
"2011","San Marino","Females","Less than 1 year","Year",":",""
"2011","Ukraine","Total","Less than 1 year","Year","71.1",""
"2011","Ukraine","Males","Less than 1 year","Year","66.0",""
"2011","Ukraine","Females","Less than 1 year","Year","76.0",""
"2012","Belgium","Total","Less than 1 year","Year","80.5",""
"2012","Belgium","Males","Less than 1 year","Year","77.8",""
"2012","Belgium","Females","Less than 1 year","Year","83.1",""
"2012","Bulgaria","Total","Less than 1 year","Year","74.4",""
"2012","Bulgaria","Males","Less than 1 year","Year","70.9",""
"2012","Bulgaria","Females","Less than 1 year","Year","77.9",""
"2012","Czech Republic","Total","Less than 1 year","Year","78.1",""
"2012","Czech Republic","Males","Less than 1 year","Year","75.1",""
"2012","Czech Republic","Females","Less than 1 year","Year","81.2",""
"2012","Denmark","Total","Less than 1 year","Year","80.2",""
"2012","Denmark","Males","Less than 1 year","Year","78.1",""
"2012","Denmark","Females","Less than 1 year","Year","82.1",""
"2012","Germany (until 1990 former territory of the FRG)","Total","Less than 1 year","Year","80.7",""
"2012","Germany (until 1990 former territory of the FRG)","Males","Less than 1 year","Year","78.1",""
"2012","Germany (until 1990 former territory of the FRG)","Females","Less than 1 year","Year","83.1",""
"2012","Estonia","Total","Less than 1 year","Year","76.7",""
"2012","Estonia","Males","Less than 1 year","Year","71.4",""
"2012","Estonia","Females","Less than 1 year","Year","81.5",""
"2012","Ireland","Total","Less than 1 year","Year","80.9",""
"2012","Ireland","Males","Less than 1 year","Year","78.7",""
"2012","Ireland","Females","Less than 1 year","Year","83.1",""
"2012","Greece","Total","Less than 1 year","Year","80.7",""
"2012","Greece","Males","Less than 1 year","Year","78.0",""
"2012","Greece","Females","Less than 1 year","Year","83.4",""
"2012","Spain","Total","Less than 1 year","Year","82.5",""
"2012","Spain","Males","Less than 1 year","Year","79.5",""
"2012","Spain","Females","Less than 1 year","Year","85.5",""
"2012","France","Total","Less than 1 year","Year","82.1","b"
"2012","France","Males","Less than 1 year","Year","78.7","b"
"2012","France","Females","Less than 1 year","Year","85.4","b"
"2012","Croatia","Total","Less than 1 year","Year","77.3",""
"2012","Croatia","Males","Less than 1 year","Year","73.9",""
"2012","Croatia","Females","Less than 1 year","Year","80.6",""
"2012","Italy","Total","Less than 1 year","Year","82.4",""
"2012","Italy","Males","Less than 1 year","Year","79.8",""
"2012","Italy","Females","Less than 1 year","Year","84.8",""
"2012","Cyprus","Total","Less than 1 year","Year","81.1",""
"2012","Cyprus","Males","Less than 1 year","Year","78.9",""
"2012","Cyprus","Females","Less than 1 year","Year","83.4",""
"2012","Latvia","Total","Less than 1 year","Year","74.1",""
"2012","Latvia","Males","Less than 1 year","Year","68.9",""
"2012","Latvia","Females","Less than 1 year","Year","78.9",""
"2012","Lithuania","Total","Less than 1 year","Year","74.1",""
"2012","Lithuania","Males","Less than 1 year","Year","68.4",""
"2012","Lithuania","Females","Less than 1 year","Year","79.6",""
"2012","Luxembourg","Total","Less than 1 year","Year","81.5","b"
"2012","Luxembourg","Males","Less than 1 year","Year","79.1","b"
"2012","Luxembourg","Females","Less than 1 year","Year","83.8","b"
"2012","Hungary","Total","Less than 1 year","Year","75.3","b"
"2012","Hungary","Males","Less than 1 year","Year","71.6","b"
"2012","Hungary","Females","Less than 1 year","Year","78.7","b"
"2012","Malta","Total","Less than 1 year","Year","80.9",""
"2012","Malta","Males","Less than 1 year","Year","78.6",""
"2012","Malta","Females","Less than 1 year","Year","83.0",""
"2012","Netherlands","Total","Less than 1 year","Year","81.2",""
"2012","Netherlands","Males","Less than 1 year","Year","79.3",""
"2012","Netherlands","Females","Less than 1 year","Year","83.0",""
"2012","Austria","Total","Less than 1 year","Year","81.1",""
"2012","Austria","Males","Less than 1 year","Year","78.4",""
"2012","Austria","Females","Less than 1 year","Year","83.6",""
"2012","Poland","Total","Less than 1 year","Year","76.9",""
"2012","Poland","Males","Less than 1 year","Year","72.6",""
"2012","Poland","Females","Less than 1 year","Year","81.1",""
"2012","Portugal","Total","Less than 1 year","Year","80.6",""
"2012","Portugal","Males","Less than 1 year","Year","77.3",""
"2012","Portugal","Females","Less than 1 year","Year","83.6",""
"2012","Romania","Total","Less than 1 year","Year","74.4",""
"2012","Romania","Males","Less than 1 year","Year","70.9",""
"2012","Romania","Females","Less than 1 year","Year","78.1",""
"2012","Slovenia","Total","Less than 1 year","Year","80.3",""
"2012","Slovenia","Males","Less than 1 year","Year","77.1",""
"2012","Slovenia","Females","Less than 1 year","Year","83.3",""
"2012","Slovakia","Total","Less than 1 year","Year","76.3",""
"2012","Slovakia","Males","Less than 1 year","Year","72.5",""
"2012","Slovakia","Females","Less than 1 year","Year","79.9",""
"2012","Finland","Total","Less than 1 year","Year","80.7",""
"2012","Finland","Males","Less than 1 year","Year","77.7",""
"2012","Finland","Females","Less than 1 year","Year","83.7",""
"2012","Sweden","Total","Less than 1 year","Year","81.8",""
"2012","Sweden","Males","Less than 1 year","Year","79.9",""
"2012","Sweden","Females","Less than 1 year","Year","83.6",""
"2012","United Kingdom","Total","Less than 1 year","Year","81.0",""
"2012","United Kingdom","Males","Less than 1 year","Year","79.1",""
"2012","United Kingdom","Females","Less than 1 year","Year","82.8",""
"2012","Iceland","Total","Less than 1 year","Year","83.0",""
"2012","Iceland","Males","Less than 1 year","Year","81.6",""
"2012","Iceland","Females","Less than 1 year","Year","84.3",""
"2012","Liechtenstein","Total","Less than 1 year","Year","82.5",""
"2012","Liechtenstein","Males","Less than 1 year","Year","79.7",""
"2012","Liechtenstein","Females","Less than 1 year","Year","85.2",""
"2012","Norway","Total","Less than 1 year","Year","81.5",""
"2012","Norway","Males","Less than 1 year","Year","79.5",""
"2012","Norway","Females","Less than 1 year","Year","83.5",""
"2012","Switzerland","Total","Less than 1 year","Year","82.8",""
"2012","Switzerland","Males","Less than 1 year","Year","80.6",""
"2012","Switzerland","Females","Less than 1 year","Year","84.9",""
"2012","Montenegro","Total","Less than 1 year","Year","76.3",""
"2012","Montenegro","Males","Less than 1 year","Year","74.2",""
"2012","Montenegro","Females","Less than 1 year","Year","78.3",""
"2012","Albania","Total","Less than 1 year","Year",":",""
"2012","Albania","Males","Less than 1 year","Year",":",""
"2012","Albania","Females","Less than 1 year","Year",":",""
"2012","Serbia","Total","Less than 1 year","Year","74.9",""
"2012","Serbia","Males","Less than 1 year","Year","72.3",""
"2012","Serbia","Females","Less than 1 year","Year","77.5",""
"2012","Turkey","Total","Less than 1 year","Year","77.6",""
"2012","Turkey","Males","Less than 1 year","Year","74.8",""
"2012","Turkey","Females","Less than 1 year","Year","80.5",""
"2012","Andorra","Total","Less than 1 year","Year","90.0",""
"2012","Andorra","Males","Less than 1 year","Year","88.4",""
"2012","Andorra","Females","Less than 1 year","Year","92.0",""
"2012","Belarus","Total","Less than 1 year","Year","72.3",""
"2012","Belarus","Males","Less than 1 year","Year","66.6",""
"2012","Belarus","Females","Less than 1 year","Year","77.8",""
"2012","Russia","Total","Less than 1 year","Year",":",""
"2012","Russia","Males","Less than 1 year","Year",":",""
"2012","Russia","Females","Less than 1 year","Year",":",""
"2012","San Marino","Total","Less than 1 year","Year","85.6",""
"2012","San Marino","Males","Less than 1 year","Year","84.1",""
"2012","San Marino","Females","Less than 1 year","Year","86.8",""
"2012","Ukraine","Total","Less than 1 year","Year","71.2",""
"2012","Ukraine","Males","Less than 1 year","Year","66.1",""
"2012","Ukraine","Females","Less than 1 year","Year","76.1",""
"2013","Belgium","Total","Less than 1 year","Year","80.7",""
"2013","Belgium","Males","Less than 1 year","Year","78.1",""
"2013","Belgium","Females","Less than 1 year","Year","83.2",""
"2013","Bulgaria","Total","Less than 1 year","Year","74.9",""
"2013","Bulgaria","Males","Less than 1 year","Year","71.3",""
"2013","Bulgaria","Females","Less than 1 year","Year","78.6",""
"2013","Czech Republic","Total","Less than 1 year","Year","78.3",""
"2013","Czech Republic","Males","Less than 1 year","Year","75.2",""
"2013","Czech Republic","Females","Less than 1 year","Year","81.3",""
"2013","Denmark","Total","Less than 1 year","Year","80.4",""
"2013","Denmark","Males","Less than 1 year","Year","78.3",""
"2013","Denmark","Females","Less than 1 year","Year","82.4",""
"2013","Germany (until 1990 former territory of the FRG)","Total","Less than 1 year","Year","80.8",""
"2013","Germany (until 1990 former territory of the FRG)","Males","Less than 1 year","Year","78.4",""
"2013","Germany (until 1990 former territory of the FRG)","Females","Less than 1 year","Year","83.1",""
"2013","Estonia","Total","Less than 1 year","Year","77.5",""
"2013","Estonia","Males","Less than 1 year","Year","72.8",""
"2013","Estonia","Females","Less than 1 year","Year","81.7",""
"2013","Ireland","Total","Less than 1 year","Year","81.1","p"
"2013","Ireland","Males","Less than 1 year","Year","79.0","p"
"2013","Ireland","Females","Less than 1 year","Year","83.1","p"
"2013","Greece","Total","Less than 1 year","Year","81.4",""
"2013","Greece","Males","Less than 1 year","Year","78.7",""
"2013","Greece","Females","Less than 1 year","Year","84.0",""
"2013","Spain","Total","Less than 1 year","Year","83.2",""
"2013","Spain","Males","Less than 1 year","Year","80.2",""
"2013","Spain","Females","Less than 1 year","Year","86.1",""
"2013","France","Total","Less than 1 year","Year","82.4",""
"2013","France","Males","Less than 1 year","Year","79.0",""
"2013","France","Females","Less than 1 year","Year","85.6",""
"2013","Croatia","Total","Less than 1 year","Year","77.8",""
"2013","Croatia","Males","Less than 1 year","Year","74.5",""
"2013","Croatia","Females","Less than 1 year","Year","81.0",""
"2013","Italy","Total","Less than 1 year","Year","82.9",""
"2013","Italy","Males","Less than 1 year","Year","80.3",""
"2013","Italy","Females","Less than 1 year","Year","85.2",""
"2013","Cyprus","Total","Less than 1 year","Year","82.5",""
"2013","Cyprus","Males","Less than 1 year","Year","80.1",""
"2013","Cyprus","Females","Less than 1 year","Year","85.0",""
"2013","Latvia","Total","Less than 1 year","Year","74.3",""
"2013","Latvia","Males","Less than 1 year","Year","69.3",""
"2013","Latvia","Females","Less than 1 year","Year","78.9",""
"2013","Lithuania","Total","Less than 1 year","Year","74.1",""
"2013","Lithuania","Males","Less than 1 year","Year","68.5",""
"2013","Lithuania","Females","Less than 1 year","Year","79.6",""
"2013","Luxembourg","Total","Less than 1 year","Year","81.9",""
"2013","Luxembourg","Males","Less than 1 year","Year","79.8",""
"2013","Luxembourg","Females","Less than 1 year","Year","83.9",""
"2013","Hungary","Total","Less than 1 year","Year","75.8",""
"2013","Hungary","Males","Less than 1 year","Year","72.2",""
"2013","Hungary","Females","Less than 1 year","Year","79.1",""
"2013","Malta","Total","Less than 1 year","Year","81.9",""
"2013","Malta","Males","Less than 1 year","Year","79.6",""
"2013","Malta","Females","Less than 1 year","Year","84.0",""
"2013","Netherlands","Total","Less than 1 year","Year","81.4",""
"2013","Netherlands","Males","Less than 1 year","Year","79.5",""
"2013","Netherlands","Females","Less than 1 year","Year","83.2",""
"2013","Austria","Total","Less than 1 year","Year","81.3",""
"2013","Austria","Males","Less than 1 year","Year","78.6",""
"2013","Austria","Females","Less than 1 year","Year","83.8",""
"2013","Poland","Total","Less than 1 year","Year","77.1",""
"2013","Poland","Males","Less than 1 year","Year","73.0",""
"2013","Poland","Females","Less than 1 year","Year","81.2",""
"2013","Portugal","Total","Less than 1 year","Year","80.9",""
"2013","Portugal","Males","Less than 1 year","Year","77.6",""
"2013","Portugal","Females","Less than 1 year","Year","84.0",""
"2013","Romania","Total","Less than 1 year","Year","75.1","e"
"2013","Romania","Males","Less than 1 year","Year","71.6","e"
"2013","Romania","Females","Less than 1 year","Year","78.7","e"
"2013","Slovenia","Total","Less than 1 year","Year","80.5",""
"2013","Slovenia","Males","Less than 1 year","Year","77.2",""
"2013","Slovenia","Females","Less than 1 year","Year","83.6",""
"2013","Slovakia","Total","Less than 1 year","Year","76.6",""
"2013","Slovakia","Males","Less than 1 year","Year","72.9",""
"2013","Slovakia","Females","Less than 1 year","Year","80.1",""
"2013","Finland","Total","Less than 1 year","Year","81.1",""
"2013","Finland","Males","Less than 1 year","Year","78.0",""
"2013","Finland","Females","Less than 1 year","Year","84.1",""
"2013","Sweden","Total","Less than 1 year","Year","82.0",""
"2013","Sweden","Males","Less than 1 year","Year","80.2",""
"2013","Sweden","Females","Less than 1 year","Year","83.8",""
"2013","United Kingdom","Total","Less than 1 year","Year","81.1",""
"2013","United Kingdom","Males","Less than 1 year","Year","79.2",""
"2013","United Kingdom","Females","Less than 1 year","Year","82.9",""
"2013","Iceland","Total","Less than 1 year","Year","82.1",""
"2013","Iceland","Males","Less than 1 year","Year","80.5",""
"2013","Iceland","Females","Less than 1 year","Year","83.7",""
"2013","Liechtenstein","Total","Less than 1 year","Year","82.5",""
"2013","Liechtenstein","Males","Less than 1 year","Year","80.7",""
"2013","Liechtenstein","Females","Less than 1 year","Year","83.9",""
"2013","Norway","Total","Less than 1 year","Year","81.8",""
"2013","Norway","Males","Less than 1 year","Year","79.8",""
"2013","Norway","Females","Less than 1 year","Year","83.8",""
"2013","Switzerland","Total","Less than 1 year","Year","82.9",""
"2013","Switzerland","Males","Less than 1 year","Year","80.7",""
"2013","Switzerland","Females","Less than 1 year","Year","85.0",""
"2013","Montenegro","Total","Less than 1 year","Year","76.5",""
"2013","Montenegro","Males","Less than 1 year","Year","74.1",""
"2013","Montenegro","Females","Less than 1 year","Year","79.0",""
"2013","Albania","Total","Less than 1 year","Year",":",""
"2013","Albania","Males","Less than 1 year","Year",":",""
"2013","Albania","Females","Less than 1 year","Year",":",""
"2013","Serbia","Total","Less than 1 year","Year","75.3",""
"2013","Serbia","Males","Less than 1 year","Year","72.6",""
"2013","Serbia","Females","Less than 1 year","Year","77.9",""
"2013","Turkey","Total","Less than 1 year","Year","78.2",""
"2013","Turkey","Males","Less than 1 year","Year","75.4",""
"2013","Turkey","Females","Less than 1 year","Year","81.1",""
"2013","Andorra","Total","Less than 1 year","Year",":",""
"2013","Andorra","Males","Less than 1 year","Year",":",""
"2013","Andorra","Females","Less than 1 year","Year",":",""
"2013","Belarus","Total","Less than 1 year","Year","72.7",""
"2013","Belarus","Males","Less than 1 year","Year","67.3",""
"2013","Belarus","Females","Less than 1 year","Year","78.0",""
"2013","Russia","Total","Less than 1 year","Year",":",""
"2013","Russia","Males","Less than 1 year","Year",":",""
"2013","Russia","Females","Less than 1 year","Year",":",""
"2013","San Marino","Total","Less than 1 year","Year",":",""
"2013","San Marino","Males","Less than 1 year","Year",":",""
"2013","San Marino","Females","Less than 1 year","Year",":",""
"2013","Ukraine","Total","Less than 1 year","Year",":",""
"2013","Ukraine","Males","Less than 1 year","Year",":",""
"2013","Ukraine","Females","Less than 1 year","Year",":",""
"2014","Belgium","Total","Less than 1 year","Year","81.4",""
"2014","Belgium","Males","Less than 1 year","Year","78.8",""
"2014","Belgium","Females","Less than 1 year","Year","83.9",""
"2014","Bulgaria","Total","Less than 1 year","Year","74.5",""
"2014","Bulgaria","Males","Less than 1 year","Year","71.1",""
"2014","Bulgaria","Females","Less than 1 year","Year","78.0",""
"2014","Czech Republic","Total","Less than 1 year","Year","78.9",""
"2014","Czech Republic","Males","Less than 1 year","Year","75.8",""
"2014","Czech Republic","Females","Less than 1 year","Year","82.0",""
"2014","Denmark","Total","Less than 1 year","Year","80.7",""
"2014","Denmark","Males","Less than 1 year","Year","78.7",""
"2014","Denmark","Females","Less than 1 year","Year","82.8",""
"2014","Germany (until 1990 former territory of the FRG)","Total","Less than 1 year","Year","81.2",""
"2014","Germany (until 1990 former territory of the FRG)","Males","Less than 1 year","Year","78.7",""
"2014","Germany (until 1990 former territory of the FRG)","Females","Less than 1 year","Year","83.6",""
"2014","Estonia","Total","Less than 1 year","Year","77.4",""
"2014","Estonia","Males","Less than 1 year","Year","72.4",""
"2014","Estonia","Females","Less than 1 year","Year","81.9",""
"2014","Ireland","Total","Less than 1 year","Year","81.4","p"
"2014","Ireland","Males","Less than 1 year","Year","79.3","p"
"2014","Ireland","Females","Less than 1 year","Year","83.5","p"
"2014","Greece","Total","Less than 1 year","Year","81.5",""
"2014","Greece","Males","Less than 1 year","Year","78.8",""
"2014","Greece","Females","Less than 1 year","Year","84.1",""
"2014","Spain","Total","Less than 1 year","Year","83.3",""
"2014","Spain","Males","Less than 1 year","Year","80.4",""
"2014","Spain","Females","Less than 1 year","Year","86.2",""
"2014","France","Total","Less than 1 year","Year","82.9","b"
"2014","France","Males","Less than 1 year","Year","79.5","b"
"2014","France","Females","Less than 1 year","Year","86.0","b"
"2014","Croatia","Total","Less than 1 year","Year","77.9",""
"2014","Croatia","Males","Less than 1 year","Year","74.7",""
"2014","Croatia","Females","Less than 1 year","Year","81.0",""
"2014","Italy","Total","Less than 1 year","Year","83.2",""
"2014","Italy","Males","Less than 1 year","Year","80.7",""
"2014","Italy","Females","Less than 1 year","Year","85.6",""
"2014","Cyprus","Total","Less than 1 year","Year","82.3",""
"2014","Cyprus","Males","Less than 1 year","Year","80.3",""
"2014","Cyprus","Females","Less than 1 year","Year","84.3",""
"2014","Latvia","Total","Less than 1 year","Year","74.5",""
"2014","Latvia","Males","Less than 1 year","Year","69.1",""
"2014","Latvia","Females","Less than 1 year","Year","79.4",""
"2014","Lithuania","Total","Less than 1 year","Year","74.7",""
"2014","Lithuania","Males","Less than 1 year","Year","69.2",""
"2014","Lithuania","Females","Less than 1 year","Year","80.1",""
"2014","Luxembourg","Total","Less than 1 year","Year","82.3",""
"2014","Luxembourg","Males","Less than 1 year","Year","79.4",""
"2014","Luxembourg","Females","Less than 1 year","Year","85.2",""
"2014","Hungary","Total","Less than 1 year","Year","76.0",""
"2014","Hungary","Males","Less than 1 year","Year","72.3",""
"2014","Hungary","Females","Less than 1 year","Year","79.4",""
"2014","Malta","Total","Less than 1 year","Year","82.1",""
"2014","Malta","Males","Less than 1 year","Year","79.8",""
"2014","Malta","Females","Less than 1 year","Year","84.2",""
"2014","Netherlands","Total","Less than 1 year","Year","81.8",""
"2014","Netherlands","Males","Less than 1 year","Year","80.0",""
"2014","Netherlands","Females","Less than 1 year","Year","83.5",""
"2014","Austria","Total","Less than 1 year","Year","81.6",""
"2014","Austria","Males","Less than 1 year","Year","79.1",""
"2014","Austria","Females","Less than 1 year","Year","84.0",""
"2014","Poland","Total","Less than 1 year","Year","77.8",""
"2014","Poland","Males","Less than 1 year","Year","73.7",""
"2014","Poland","Females","Less than 1 year","Year","81.7",""
"2014","Portugal","Total","Less than 1 year","Year","81.3",""
"2014","Portugal","Males","Less than 1 year","Year","78.0",""
"2014","Portugal","Females","Less than 1 year","Year","84.4",""
"2014","Romania","Total","Less than 1 year","Year","75.0","e"
"2014","Romania","Males","Less than 1 year","Year","71.4","e"
"2014","Romania","Females","Less than 1 year","Year","78.7","e"
"2014","Slovenia","Total","Less than 1 year","Year","81.2",""
"2014","Slovenia","Males","Less than 1 year","Year","78.2",""
"2014","Slovenia","Females","Less than 1 year","Year","84.1",""
"2014","Slovakia","Total","Less than 1 year","Year","77.0",""
"2014","Slovakia","Males","Less than 1 year","Year","73.3",""
"2014","Slovakia","Females","Less than 1 year","Year","80.5",""
"2014","Finland","Total","Less than 1 year","Year","81.3",""
"2014","Finland","Males","Less than 1 year","Year","78.4",""
"2014","Finland","Females","Less than 1 year","Year","84.1",""
"2014","Sweden","Total","Less than 1 year","Year","82.3",""
"2014","Sweden","Males","Less than 1 year","Year","80.4",""
"2014","Sweden","Females","Less than 1 year","Year","84.2",""
"2014","United Kingdom","Total","Less than 1 year","Year","81.4","e"
"2014","United Kingdom","Males","Less than 1 year","Year","79.5","e"
"2014","United Kingdom","Females","Less than 1 year","Year","83.2","e"
"2014","Iceland","Total","Less than 1 year","Year","82.9",""
"2014","Iceland","Males","Less than 1 year","Year","81.3",""
"2014","Iceland","Females","Less than 1 year","Year","84.5",""
"2014","Liechtenstein","Total","Less than 1 year","Year","82.1",""
"2014","Liechtenstein","Males","Less than 1 year","Year","81.0",""
"2014","Liechtenstein","Females","Less than 1 year","Year","83.2",""
"2014","Norway","Total","Less than 1 year","Year","82.2",""
"2014","Norway","Males","Less than 1 year","Year","80.1",""
"2014","Norway","Females","Less than 1 year","Year","84.2",""
"2014","Switzerland","Total","Less than 1 year","Year","83.3",""
"2014","Switzerland","Males","Less than 1 year","Year","81.1",""
"2014","Switzerland","Females","Less than 1 year","Year","85.4",""
"2014","Montenegro","Total","Less than 1 year","Year","76.5",""
"2014","Montenegro","Males","Less than 1 year","Year","74.1",""
"2014","Montenegro","Females","Less than 1 year","Year","78.9",""
"2014","Albania","Total","Less than 1 year","Year","78.2","e"
"2014","Albania","Males","Less than 1 year","Year","76.3","e"
"2014","Albania","Females","Less than 1 year","Year","80.2","e"
"2014","Serbia","Total","Less than 1 year","Year","75.4",""
"2014","Serbia","Males","Less than 1 year","Year","72.8",""
"2014","Serbia","Females","Less than 1 year","Year","78.0",""
"2014","Turkey","Total","Less than 1 year","Year","78.1",""
"2014","Turkey","Males","Less than 1 year","Year","75.4",""
"2014","Turkey","Females","Less than 1 year","Year","80.9",""
"2014","Andorra","Total","Less than 1 year","Year",":",""
"2014","Andorra","Males","Less than 1 year","Year",":",""
"2014","Andorra","Females","Less than 1 year","Year",":",""
"2014","Belarus","Total","Less than 1 year","Year","73.3",""
"2014","Belarus","Males","Less than 1 year","Year","67.8",""
"2014","Belarus","Females","Less than 1 year","Year","78.6",""
"2014","Russia","Total","Less than 1 year","Year",":",""
"2014","Russia","Males","Less than 1 year","Year",":",""
"2014","Russia","Females","Less than 1 year","Year",":",""
"2014","San Marino","Total","Less than 1 year","Year",":",""
"2014","San Marino","Males","Less than 1 year","Year",":",""
"2014","San Marino","Females","Less than 1 year","Year",":",""
"2014","Ukraine","Total","Less than 1 year","Year","71.8",""
"2014","Ukraine","Males","Less than 1 year","Year","66.6",""
"2014","Ukraine","Females","Less than 1 year","Year","76.7",""
"2015","Belgium","Total","Less than 1 year","Year","81.1",""
"2015","Belgium","Males","Less than 1 year","Year","78.7",""
"2015","Belgium","Females","Less than 1 year","Year","83.4",""
"2015","Bulgaria","Total","Less than 1 year","Year","74.7",""
"2015","Bulgaria","Males","Less than 1 year","Year","71.2",""
"2015","Bulgaria","Females","Less than 1 year","Year","78.2",""
"2015","Czech Republic","Total","Less than 1 year","Year","78.7",""
"2015","Czech Republic","Males","Less than 1 year","Year","75.7",""
"2015","Czech Republic","Females","Less than 1 year","Year","81.6",""
"2015","Denmark","Total","Less than 1 year","Year","80.8",""
"2015","Denmark","Males","Less than 1 year","Year","78.8",""
"2015","Denmark","Females","Less than 1 year","Year","82.7",""
"2015","Germany (until 1990 former territory of the FRG)","Total","Less than 1 year","Year","80.7",""
"2015","Germany (until 1990 former territory of the FRG)","Males","Less than 1 year","Year","78.3",""
"2015","Germany (until 1990 former territory of the FRG)","Females","Less than 1 year","Year","83.1",""
"2015","Estonia","Total","Less than 1 year","Year","78.0","b"
"2015","Estonia","Males","Less than 1 year","Year","73.2","b"
"2015","Estonia","Females","Less than 1 year","Year","82.2","b"
"2015","Ireland","Total","Less than 1 year","Year","81.5","p"
"2015","Ireland","Males","Less than 1 year","Year","79.6","p"
"2015","Ireland","Females","Less than 1 year","Year","83.4","p"
"2015","Greece","Total","Less than 1 year","Year","81.1",""
"2015","Greece","Males","Less than 1 year","Year","78.5",""
"2015","Greece","Females","Less than 1 year","Year","83.7",""
"2015","Spain","Total","Less than 1 year","Year","83.0",""
"2015","Spain","Males","Less than 1 year","Year","80.1",""
"2015","Spain","Females","Less than 1 year","Year","85.7",""
"2015","France","Total","Less than 1 year","Year","82.4","bp"
"2015","France","Males","Less than 1 year","Year","79.2","bp"
"2015","France","Females","Less than 1 year","Year","85.5","bp"
"2015","Croatia","Total","Less than 1 year","Year","77.5",""
"2015","Croatia","Males","Less than 1 year","Year","74.4",""
"2015","Croatia","Females","Less than 1 year","Year","80.5",""
"2015","Italy","Total","Less than 1 year","Year","82.7",""
"2015","Italy","Males","Less than 1 year","Year","80.3",""
"2015","Italy","Females","Less than 1 year","Year","84.9",""
"2015","Cyprus","Total","Less than 1 year","Year","81.8",""
"2015","Cyprus","Males","Less than 1 year","Year","79.9",""
"2015","Cyprus","Females","Less than 1 year","Year","83.7",""
"2015","Latvia","Total","Less than 1 year","Year","74.8",""
"2015","Latvia","Males","Less than 1 year","Year","69.7",""
"2015","Latvia","Females","Less than 1 year","Year","79.5",""
"2015","Lithuania","Total","Less than 1 year","Year","74.6",""
"2015","Lithuania","Males","Less than 1 year","Year","69.2",""
"2015","Lithuania","Females","Less than 1 year","Year","79.7",""
"2015","Luxembourg","Total","Less than 1 year","Year","82.4",""
"2015","Luxembourg","Males","Less than 1 year","Year","80.0",""
"2015","Luxembourg","Females","Less than 1 year","Year","84.7",""
"2015","Hungary","Total","Less than 1 year","Year","75.7",""
"2015","Hungary","Males","Less than 1 year","Year","72.3",""
"2015","Hungary","Females","Less than 1 year","Year","79.0",""
"2015","Malta","Total","Less than 1 year","Year","81.9",""
"2015","Malta","Males","Less than 1 year","Year","79.7",""
"2015","Malta","Females","Less than 1 year","Year","84.0",""
"2015","Netherlands","Total","Less than 1 year","Year","81.6",""
"2015","Netherlands","Males","Less than 1 year","Year","79.9",""
"2015","Netherlands","Females","Less than 1 year","Year","83.2",""
"2015","Austria","Total","Less than 1 year","Year","81.3",""
"2015","Austria","Males","Less than 1 year","Year","78.8",""
"2015","Austria","Females","Less than 1 year","Year","83.7",""
"2015","Poland","Total","Less than 1 year","Year","77.5",""
"2015","Poland","Males","Less than 1 year","Year","73.5",""
"2015","Poland","Females","Less than 1 year","Year","81.6",""
"2015","Portugal","Total","Less than 1 year","Year","81.3",""
"2015","Portugal","Males","Less than 1 year","Year","78.1",""
"2015","Portugal","Females","Less than 1 year","Year","84.3",""
"2015","Romania","Total","Less than 1 year","Year","75.0","e"
"2015","Romania","Males","Less than 1 year","Year","71.5","e"
"2015","Romania","Females","Less than 1 year","Year","78.7","e"
"2015","Slovenia","Total","Less than 1 year","Year","80.9",""
"2015","Slovenia","Males","Less than 1 year","Year","77.8",""
"2015","Slovenia","Females","Less than 1 year","Year","83.9",""
"2015","Slovakia","Total","Less than 1 year","Year","76.7",""
"2015","Slovakia","Males","Less than 1 year","Year","73.1",""
"2015","Slovakia","Females","Less than 1 year","Year","80.2",""
"2015","Finland","Total","Less than 1 year","Year","81.6",""
"2015","Finland","Males","Less than 1 year","Year","78.7",""
"2015","Finland","Females","Less than 1 year","Year","84.4",""
"2015","Sweden","Total","Less than 1 year","Year","82.2",""
"2015","Sweden","Males","Less than 1 year","Year","80.4",""
"2015","Sweden","Females","Less than 1 year","Year","84.1",""
"2015","United Kingdom","Total","Less than 1 year","Year","81.0","e"
"2015","United Kingdom","Males","Less than 1 year","Year","79.2","e"
"2015","United Kingdom","Females","Less than 1 year","Year","82.8","e"
"2015","Iceland","Total","Less than 1 year","Year","82.5",""
"2015","Iceland","Males","Less than 1 year","Year","81.2",""
"2015","Iceland","Females","Less than 1 year","Year","83.8",""
"2015","Liechtenstein","Total","Less than 1 year","Year","82.7",""
"2015","Liechtenstein","Males","Less than 1 year","Year","80.9",""
"2015","Liechtenstein","Females","Less than 1 year","Year","84.5",""
"2015","Norway","Total","Less than 1 year","Year","82.4",""
"2015","Norway","Males","Less than 1 year","Year","80.5",""
"2015","Norway","Females","Less than 1 year","Year","84.2",""
"2015","Switzerland","Total","Less than 1 year","Year","83.0",""
"2015","Switzerland","Males","Less than 1 year","Year","80.8",""
"2015","Switzerland","Females","Less than 1 year","Year","85.1",""
"2015","Montenegro","Total","Less than 1 year","Year","76.5",""
"2015","Montenegro","Males","Less than 1 year","Year","74.4",""
"2015","Montenegro","Females","Less than 1 year","Year","78.6",""
"2015","Albania","Total","Less than 1 year","Year","77.9","e"
"2015","Albania","Males","Less than 1 year","Year","76.2","e"
"2015","Albania","Females","Less than 1 year","Year","79.7","e"
"2015","Serbia","Total","Less than 1 year","Year","75.3",""
"2015","Serbia","Males","Less than 1 year","Year","72.8",""
"2015","Serbia","Females","Less than 1 year","Year","77.9",""
"2015","Turkey","Total","Less than 1 year","Year","78.2",""
"2015","Turkey","Males","Less than 1 year","Year","75.4",""
"2015","Turkey","Females","Less than 1 year","Year","81.0",""
"2015","Andorra","Total","Less than 1 year","Year",":",""
"2015","Andorra","Males","Less than 1 year","Year",":",""
"2015","Andorra","Females","Less than 1 year","Year",":",""
"2015","Belarus","Total","Less than 1 year","Year","74.0",""
"2015","Belarus","Males","Less than 1 year","Year","68.6",""
"2015","Belarus","Females","Less than 1 year","Year","79.0",""
"2015","Russia","Total","Less than 1 year","Year",":",""
"2015","Russia","Males","Less than 1 year","Year",":",""
"2015","Russia","Females","Less than 1 year","Year",":",""
"2015","San Marino","Total","Less than 1 year","Year",":",""
"2015","San Marino","Males","Less than 1 year","Year",":",""
"2015","San Marino","Females","Less than 1 year","Year",":",""
"2015","Ukraine","Total","Less than 1 year","Year","72.5",""
"2015","Ukraine","Males","Less than 1 year","Year","67.5",""
"2015","Ukraine","Females","Less than 1 year","Year","77.3",""
